﻿"SYMBOL","COMPANY NAME","SUBJECT","DETAILS","BROADCAST DATE/TIME","RECEIPT","DISSEMINATION","DIFFERENCE","ATTACHMENT"
"E2E","E2E Networks Limited","Alteration Of Capital and Fund Raising-XBRL","E2E NETWORKS LIMITED has informed the Exchange regarding Allotment of Securities","20-Apr-2024 12:55:16","2024-04-20 12:55:16","20-Apr-2024 12:55:22","00:00:06","https://nsearchives.nseindia.com/corporate/xbrl/E2E_20042024125516_ALTERATION_OF_CAPITAL_AND_FUND_RAISING_1103444_20042024125515_WEB.xml"
"AKZOINDIA","Akzo Nobel India Limited","Disclosure of material issue","Akzo Nobel India Limited has informed regarding Disclosure of material issue","20-Apr-2024 12:54:25","2024-04-20 12:54:25","20-Apr-2024 12:54:29","00:00:04","https://nsearchives.nseindia.com/corporate/AKZOINDIA_20042024125425_AkzoRegulation30_PunjabGSTDept1stFeb24_Update20thApr24_update.pdf"
"KIOCL","KIOCL Limited","Change in Management","KIOCL Limited has informed the Exchange about change in Management","20-Apr-2024 12:49:10","2024-04-20 12:49:10","20-Apr-2024 12:49:14","00:00:04","https://nsearchives.nseindia.com/corporate/KIOCL_20042024124910_IntimationOfAssumptionOfAddlCharge.pdf"
"ICICIBANK","ICICI Bank Limited","Board Meeting Intimation","ICICI BANK LIMITED has informed the Exchange about Board Meeting to be held on 27-Apr-2024 to consider Fund raising.","20-Apr-2024 12:48:46","2024-04-20 12:48:46","20-Apr-2024 12:48:51","00:00:05","https://nsearchives.nseindia.com/corporate/xbrl/ICICIBANK_20042024124846_PRIOR_INTIMATION_22315_1103424_20042024124845_WEB.xml"
"HDFCAMC","HDFC Asset Management Company Limited","Copy of Newspaper Publication","HDFC Asset Management Company Limited has informed the Exchange about Copy of Newspaper Publication containing audited Standalone and Consolidated Financial Results for the quarter and year ended March 31, 2024","20-Apr-2024 12:42:53","2024-04-20 12:42:53","20-Apr-2024 12:42:59","00:00:06","https://nsearchives.nseindia.com/corporate/HDFCAMC_20042024124253_NSEBSE_9.pdf"
"HDIL","Housing Development and Infrastructure Limited","Updates","Housing Development and Infrastructure Limited has informed the Exchange regarding 'Submission of Shareholding Pattern under Regulation 31(b) of the SEBI LODR Regulations, 2015 and Reconciliation of Share Capital Audit under Regulation 76 of SEBI (Depositories and Participants) Regulations, 2018 for the quarter ended March 31, 2024'.","20-Apr-2024 12:39:56","2024-04-20 12:39:56","20-Apr-2024 12:40:04","00:00:08","https://nsearchives.nseindia.com/corporate/HDIL_20042024123956_LetterregardingSHP_31032024.pdf"
"HDIL","Housing Development and Infrastructure Limited","Updates","Housing Development and Infrastructure Limited has informed the Exchange regarding 'Intimation about non applicability of Regulation 17 to 27 of the SEBI (Listing Obligations and Disclosure Requirements) Regulations, 2015'.","20-Apr-2024 12:36:47","2024-04-20 12:36:47","20-Apr-2024 12:36:51","00:00:04","https://nsearchives.nseindia.com/corporate/HDIL_20042024123647_LetterregardingCG_31032024.pdf"
"URAVI","Uravi T and Wedge Lamps Limited","Alteration Of Capital and Fund Raising-XBRL","URAVI T AND WEDGE LAMPS LIMITED has informed the Exchange regarding Issuance of securities","20-Apr-2024 12:35:47","2024-04-20 12:35:47","20-Apr-2024 12:35:53","00:00:06","https://nsearchives.nseindia.com/corporate/xbrl/URAVI_20042024123547_ALTERATION_OF_CAPITAL_AND_FUND_RAISING_1103370_20042024123546_WEB.xml"
"ICICIBANK","ICICI Bank Limited","Loss/Duplicate-Share Certificate-XBRL","ICICI BANK LIMITED has informed the Exchange about Loss of share certificates","20-Apr-2024 12:33:14","2024-04-20 12:33:14","20-Apr-2024 12:33:18","00:00:04","https://nsearchives.nseindia.com/corporate/xbrl/ICICIBANK_20042024123314_LOSS_OF_SHARE_1103360_20042024123313_WEB.xml"
"ICICIBANK","ICICI Bank Limited","Loss of Share Certificates","Loss of Share Certificate(s)","20-Apr-2024 12:32:08","2024-04-20 12:32:08","20-Apr-2024 12:32:14","00:00:06","https://nsearchives.nseindia.com/corporate/ICICIBANK_20042024123208_Letter.pdf"
"TORNTPOWER","Torrent Power Limited","Loss/Duplicate-Share Certificate-XBRL","Torrent Power Limited has informed the Exchange about Loss of share certificates","20-Apr-2024 12:30:37","2024-04-20 12:30:37","20-Apr-2024 12:30:42","00:00:05","https://nsearchives.nseindia.com/corporate/xbrl/TORNTPOWER_20042024123037_LOSS_OF_SHARE_1103351_20042024123036_WEB.xml"
"TORNTPOWER","Torrent Power Limited","Loss of Share Certificates","Torrent Power Limited has informed the Exchange about Loss of Share Certificates","20-Apr-2024 12:29:34","2024-04-20 12:29:34","20-Apr-2024 12:29:41","00:00:07","https://nsearchives.nseindia.com/corporate/TORNTPOWER_20042024122934_Intimation.pdf"
"SPMLINFRA","SPML Infra Limited","Corrigendum","SPML Infra Limited has informed the Exchange regarding Corrigendum to Notice of Extra Ordinary General Meeting to be held on April 26, 2024","20-Apr-2024 12:29:02","2024-04-20 12:29:02","20-Apr-2024 12:29:09","00:00:07","https://nsearchives.nseindia.com/corporate/SPMLINFRA_20042024122903_Intimation_Corrigendum_2.pdf"
"SELMC","SEL Manufacturing Company Limited","Updates","SEL Manufacturing Company Limited has informed the Exchange regarding 'Certificate under Regulation 7(3) of SEBI (LODR) Regulations, 2015'.","20-Apr-2024 12:24:31","2024-04-20 12:24:31","20-Apr-2024 12:24:37","00:00:06","https://nsearchives.nseindia.com/corporate/SELMC_20042024122431_SEL7_3_.pdf"
"EIMCOELECO","Eimco Elecon (India) Limited","Loss/Duplicate-Share Certificate-XBRL","Eimco Elecon (India) Limited has informed the Exchange about Issue of duplicate share certificates/Letter of Confirmation","20-Apr-2024 12:23:28","2024-04-20 12:23:28","20-Apr-2024 12:23:33","00:00:05","https://nsearchives.nseindia.com/corporate/xbrl/EIMCOELECO_20042024122328_LOSS_OF_SHARE_1103318_20042024122328_WEB.xml"
"EIMCOELECO","Eimco Elecon (India) Limited","Loss of Share Certificates","Eimco Elecon (India) Limited has informed the Exchange about Loss of Share Certificates","20-Apr-2024 12:22:12","2024-04-20 12:22:12","20-Apr-2024 12:22:20","00:00:08","https://nsearchives.nseindia.com/corporate/EIMCOELECO_20042024122212_ISDABHISHEKJHAVERI20042024.pdf"
"ENIL","Entertainment Network (India) Limited","Shareholders meeting","Entertainment Network (India) Limited has informed the Exchange regarding Proceedings of Postal Ballot. Further, the company has informed the Exchange regarding voting results along with copy of scrutinizers report together with copy of minutes.","20-Apr-2024 12:15:34","2024-04-20 12:15:34","20-Apr-2024 12:15:40","00:00:06","https://nsearchives.nseindia.com/corporate/ENIL_20042024121534_PBR.pdf"
"ANKITMETAL","Ankit Metal & Power Limited","Certificate under SEBI (Depositories and Participants) Regulations, 2018","Ankit Metal & Power Limited has informed the Exchange about Certificate under SEBI (Depositories and Participants) Regulations, 2018","20-Apr-2024 12:13:49","2024-04-20 12:13:49","20-Apr-2024 12:13:56","00:00:07","https://nsearchives.nseindia.com/corporate/ANKITMETAL_20042024121349_AMPL_Reg74.pdf"
"CANFINHOME","Can Fin Homes Limited","Board Meeting Intimation","CAN FIN HOMES LIMITED has informed the Exchange about Board Meeting to be held on 29-Apr-2024 to consider and approve the Quarterly Audited Financial results of the Company for the period ended March 2024 and Dividend/Fund raising.","20-Apr-2024 12:01:29","2024-04-20 12:01:29","20-Apr-2024 12:01:35","00:00:06","https://nsearchives.nseindia.com/corporate/xbrl/CANFINHOME_20042024120129_PRIOR_INTIMATION_22314_1103232_20042024120128_WEB.xml"
"THERMAX","Thermax Limited","Updates","Thermax Limited has informed the Exchange regarding 'Update on Acquisition'.","20-Apr-2024 11:55:52","2024-04-20 11:55:52","20-Apr-2024 11:55:59","00:00:07","https://nsearchives.nseindia.com/corporate/THERMAX_20042024115552_SEintimation.pdf"